"row_unique","Data_ID","Reference_ID","Environmental_condition","bio1.1981.2010","bio12.1981.2010","bio1.positive.prop","bio1.negative.prop","bio1.greater_than_1","bio1.less_than_1","bio12.positive.prop","bio12.negative.prop","bio12.greater_than_100","bio12.between_minus_100_and_100","bio12.less_than_minus_100"
"R1","X3",2,"Temperature",-5.04999999999995,623.5,1,0,1,0,1,0,0.266666666666667,0.733333333333333,0
"R2","X4",2,"Precipitation",-5.04999999999995,623.5,1,0,1,0,1,0,0.266666666666667,0.733333333333333,0
"R3","X10",4,"Humidity",20.2500000000001,92,1,0,0.933333333333333,0,0.8,0.133333333333333,0,1,0
"R4","X8",4,"Temperature",20.2500000000001,92,1,0,0.933333333333333,0,0.8,0.133333333333333,0,1,0
"R5","X9",4,"Precipitation",20.2500000000001,92,1,0,0.933333333333333,0,0.8,0.133333333333333,0,1,0
"R6","X11",5,"Temperature",26.35,1830.3,1,0,0.933333333333333,0.0666666666666667,0.533333333333333,0.466666666666667,0.0666666666666667,0.8,0.133333333333333
"R7","X12",5,"Precipitation",26.35,1830.3,1,0,0.933333333333333,0.0666666666666667,0.533333333333333,0.466666666666667,0.0666666666666667,0.8,0.133333333333333
"R8","X13",5,"Humidity",26.35,1830.3,1,0,0.933333333333333,0.0666666666666667,0.533333333333333,0.466666666666667,0.0666666666666667,0.8,0.133333333333333
"R9","X14",5,"Temperature",26.35,1830.3,1,0,0.933333333333333,0.0666666666666667,0.533333333333333,0.466666666666667,0.0666666666666667,0.8,0.133333333333333
"R10","X16",5,"Humidity",26.35,1830.3,1,0,0.933333333333333,0.0666666666666667,0.533333333333333,0.466666666666667,0.0666666666666667,0.8,0.133333333333333
"R11","X17",6,"Temperature",12.15,1383.8,1,0,1,0,0.933333333333333,0.0666666666666667,0.733333333333333,0.266666666666667,0
"R12","X18",6,"Precipitation",12.15,1383.8,1,0,1,0,0.933333333333333,0.0666666666666667,0.733333333333333,0.266666666666667,0
"R13","X19",6,"Humidity",12.15,1383.8,1,0,1,0,0.933333333333333,0.0666666666666667,0.733333333333333,0.266666666666667,0
"R14","X28",8,"Temperature",18.85,1617.6,1,0,1,0,0.733333333333333,0.266666666666667,0.533333333333333,0.466666666666667,0
"R15","X29",8,"Precipitation",18.85,1617.6,1,0,1,0,0.733333333333333,0.266666666666667,0.533333333333333,0.466666666666667,0
"R16","X30",8,"Humidity",18.85,1617.6,1,0,1,0,0.733333333333333,0.266666666666667,0.533333333333333,0.466666666666667,0
"R17","X39",11,"Temperature",20.55,2697.8,1,0,0.933333333333333,0.0666666666666667,0.466666666666667,0.533333333333333,0.333333333333333,0.2,0.466666666666667
"R18","X40",11,"Precipitation",20.55,2697.8,1,0,0.933333333333333,0.0666666666666667,0.466666666666667,0.533333333333333,0.333333333333333,0.2,0.466666666666667
"R19","X41",12,"Temperature",11.15,538.7,1,0,1,0,0.933333333333333,0.0666666666666667,0,1,0
"R20","X42",12,"Precipitation",11.15,538.7,1,0,1,0,0.933333333333333,0.0666666666666667,0,1,0
"R21","X43",12,"Temperature",11.15,538.7,1,0,1,0,0.933333333333333,0.0666666666666667,0,1,0
"R22","X44",12,"Precipitation",11.15,538.7,1,0,1,0,0.933333333333333,0.0666666666666667,0,1,0
"R23","X46",14,"Temperature",4.65000000000003,535.1,1,0,1,0,0.933333333333333,0.0666666666666667,0.2,0.8,0
"R24","X47",14,"Precipitation",4.65000000000003,535.1,1,0,1,0,0.933333333333333,0.0666666666666667,0.2,0.8,0
"R25","X48",14,"Humidity",4.65000000000003,535.1,1,0,1,0,0.933333333333333,0.0666666666666667,0.2,0.8,0
"R26","X49",14,"Temperature",4.65000000000003,535.1,1,0,1,0,0.933333333333333,0.0666666666666667,0.2,0.8,0
"R27","X73",17,"Temperature",23.7500000000001,3150.6,1,0,1,0,0.666666666666667,0.333333333333333,0.466666666666667,0.466666666666667,0.0666666666666667
"R28","X74",17,"Precipitation",23.7500000000001,3150.6,1,0,1,0,0.666666666666667,0.333333333333333,0.466666666666667,0.466666666666667,0.0666666666666667
"R29","X75",17,"Humidity",23.7500000000001,3150.6,1,0,1,0,0.666666666666667,0.333333333333333,0.466666666666667,0.466666666666667,0.0666666666666667
"R30","X76",18,"Precipitation",18.15,1703,1,0,1,0,0.8,0.2,0.6,0.4,0
"R31","X77",18,"Humidity",18.15,1703,1,0,1,0,0.8,0.2,0.6,0.4,0
"R32","X78",19,"Temperature",14.65,616.2,1,0,0.866666666666667,0.0666666666666667,0.2,0.8,0,1,0
"R33","X79",19,"Precipitation",14.65,616.2,1,0,0.866666666666667,0.0666666666666667,0.2,0.8,0,1,0
"R34","X80",19,"Temperature",13.85,616.8,1,0,0.933333333333333,0.0666666666666667,0.333333333333333,0.666666666666667,0,1,0
"R35","X81",19,"Precipitation",13.85,616.8,1,0,0.933333333333333,0.0666666666666667,0.333333333333333,0.666666666666667,0,1,0
"R36","X82",19,"Temperature",15.05,439.3,1,0,0.933333333333333,0.0666666666666667,0.266666666666667,0.733333333333333,0,1,0
"R37","X83",19,"Precipitation",15.05,439.3,1,0,0.933333333333333,0.0666666666666667,0.266666666666667,0.733333333333333,0,1,0
"R38","X84",19,"Temperature",16.2500000000001,331.2,1,0,0.933333333333333,0.0666666666666667,0.533333333333333,0.466666666666667,0,1,0
"R39","X85",19,"Precipitation",16.2500000000001,331.2,1,0,0.933333333333333,0.0666666666666667,0.533333333333333,0.466666666666667,0,1,0
"R40","X87",21,"Precipitation",13.85,618.4,1,0,0.933333333333333,0.0666666666666667,0.533333333333333,0.466666666666667,0.2,0.8,0
"R41","X88",22,"Temperature",15.55,580.1,1,0,1,0,0.866666666666667,0.133333333333333,0.0666666666666667,0.933333333333333,0
"R42","X89",22,"Precipitation",15.55,580.1,1,0,1,0,0.866666666666667,0.133333333333333,0.0666666666666667,0.933333333333333,0
"R43","X93",24,"Temperature",5.35000000000002,906.4,1,0,1,0,0.6,0.4,0,1,0
"R44","X94",24,"Precipitation",5.35000000000002,906.4,1,0,1,0,0.6,0.4,0,1,0
"R45","X95",24,"Temperature",5.35000000000002,906.4,1,0,1,0,0.6,0.4,0,1,0
"R46","X96",24,"Precipitation",5.35000000000002,906.4,1,0,1,0,0.6,0.4,0,1,0
"R47","X100",26,"Precipitation",25.65,2099.2,1,0,0.8,0.0666666666666667,0.666666666666667,0.333333333333333,0.2,0.666666666666667,0.133333333333333
"R48","X98",26,"Temperature",21.95,223.2,1,0,0.933333333333333,0,0.6,0.4,0,1,0
"R49","X99",26,"Precipitation",21.95,223.2,1,0,0.933333333333333,0,0.6,0.4,0,1,0
"R50","X101",27,"Precipitation",1.65000000000003,858.8,1,0,1,0,1,0,0,1,0
"R51","X102",28,"Temperature",16.85,601,1,0,0.933333333333333,0,0.733333333333333,0.266666666666667,0,1,0
"R52","X103",28,"Precipitation",16.85,601,1,0,0.933333333333333,0,0.733333333333333,0.266666666666667,0,1,0
"R53","X114",30,"Temperature",27.55,1280.3,1,0,0.733333333333333,0.2,0.933333333333333,0.0666666666666667,0.6,0.4,0
"R54","X115",30,"Precipitation",27.55,1280.3,1,0,0.733333333333333,0.2,0.933333333333333,0.0666666666666667,0.6,0.4,0
"R55","X116",30,"Humidity",27.55,1280.3,1,0,0.733333333333333,0.2,0.933333333333333,0.0666666666666667,0.6,0.4,0
"R56","X120",32,"Temperature",25.85,117.3,1,0,1,0,1,0,0,1,0
"R57","X121",32,"Humidity",25.85,117.3,1,0,1,0,1,0,0,1,0
"R58","X134",34,"Precipitation",26.55,827.1,1,0,1,0,0.666666666666667,0.333333333333333,0.0666666666666667,0.933333333333333,0
"R59","X135",34,"Precipitation",26.55,827.1,1,0,1,0,0.666666666666667,0.333333333333333,0.0666666666666667,0.933333333333333,0
"R60","X136",35,"Temperature",-0.549999999999955,501.6,1,0,1,0,0.8,0.2,0,1,0
"R61","X137",35,"Precipitation",-0.549999999999955,501.6,1,0,1,0,0.8,0.2,0,1,0
"R62","X138",35,"Humidity",-0.549999999999955,501.6,1,0,1,0,0.8,0.2,0,1,0
"R63","X139",35,"Temperature",1.75000000000006,508.3,1,0,1,0,0.733333333333333,0.266666666666667,0,1,0
"R64","X140",35,"Precipitation",1.75000000000006,508.3,1,0,1,0,0.733333333333333,0.266666666666667,0,1,0
"R65","X141",35,"Humidity",1.75000000000006,508.3,1,0,1,0,0.733333333333333,0.266666666666667,0,1,0
"R66","X142",36,"Temperature",15.45,946.6,1,0,0.933333333333333,0.0666666666666667,1,0,0.6,0.4,0
"R67","X143",36,"Precipitation",15.45,946.6,1,0,0.933333333333333,0.0666666666666667,1,0,0.6,0.4,0
"R68","X144",37,"Temperature",22.95,1327.2,1,0,0.933333333333333,0.0666666666666667,0.8,0.2,0.133333333333333,0.866666666666667,0
"R69","X145",37,"Precipitation",22.95,1327.2,1,0,0.933333333333333,0.0666666666666667,0.8,0.2,0.133333333333333,0.866666666666667,0
"R70","X146",37,"Temperature",16.55,1294.2,1,0,1,0,0.733333333333333,0.266666666666667,0.466666666666667,0.533333333333333,0
"R71","X147",37,"Precipitation",16.55,1294.2,1,0,1,0,0.733333333333333,0.266666666666667,0.466666666666667,0.533333333333333,0
"R72","X148",38,"Temperature",13.35,1289.1,1,0,0.8,0.133333333333333,0.733333333333333,0.266666666666667,0,1,0
"R73","X149",38,"Temperature",13.35,1289.1,1,0,0.8,0.133333333333333,0.733333333333333,0.266666666666667,0,1,0
"R74","X152",38,"Temperature",13.35,1289.1,1,0,0.8,0.133333333333333,0.733333333333333,0.266666666666667,0,1,0
"R75","X153",39,"Temperature",5.35000000000002,906.4,1,0,1,0,0.6,0.4,0,1,0
"R76","X154",40,"Temperature",8.65000000000003,391.6,1,0,1,0,0.533333333333333,0.466666666666667,0,1,0
"R77","X155",41,"Temperature",25.55,1151,1,0,0.866666666666667,0.133333333333333,0.6,0.4,0.2,0.8,0
"R78","X156",41,"Precipitation",25.55,1151,1,0,0.866666666666667,0.133333333333333,0.6,0.4,0.2,0.8,0
"R79","X157",41,"Humidity",25.55,1151,1,0,0.866666666666667,0.133333333333333,0.6,0.4,0.2,0.8,0
"R80","X158",42,"Temperature",15.85,1042.9,1,0,0.933333333333333,0.0666666666666667,1,0,0.466666666666667,0.533333333333333,0
"R81","X159",42,"Precipitation",15.85,1042.9,1,0,0.933333333333333,0.0666666666666667,1,0,0.466666666666667,0.533333333333333,0
"R82","X160",42,"Precipitation",15.85,1042.9,1,0,0.933333333333333,0.0666666666666667,1,0,0.466666666666667,0.533333333333333,0
"R83","X161",43,"Temperature",8.65000000000003,649,1,0,1,0,0.866666666666667,0.133333333333333,0,1,0
"R84","X162",43,"Precipitation",8.65000000000003,649,1,0,1,0,0.866666666666667,0.133333333333333,0,1,0
"R85","X163",43,"Humidity",8.65000000000003,649,1,0,1,0,0.866666666666667,0.133333333333333,0,1,0
"R86","X168",45,"Temperature",21.55,88.5,1,0,1,0,0.666666666666667,0.333333333333333,0,1,0
"R87","X169",45,"Precipitation",21.55,88.5,1,0,1,0,0.666666666666667,0.333333333333333,0,1,0
"R88","X170",45,"Humidity",21.55,88.5,1,0,1,0,0.666666666666667,0.333333333333333,0,1,0
"R89","X171",46,"Temperature",12.05,3045.5,1,0,0.733333333333333,0.266666666666667,0.4,0.6,0.266666666666667,0.6,0.133333333333333
"R90","X172",46,"Precipitation",12.05,3045.5,1,0,0.733333333333333,0.266666666666667,0.4,0.6,0.266666666666667,0.6,0.133333333333333
"R91","X173",47,"Temperature",24.7500000000001,1162.3,1,0,0.8,0.133333333333333,0.8,0.2,0.8,0.2,0
"R92","X174",47,"Precipitation",24.7500000000001,1162.3,1,0,0.8,0.133333333333333,0.8,0.2,0.8,0.2,0
"R93","X175",47,"Humidity",24.7500000000001,1162.3,1,0,0.8,0.133333333333333,0.8,0.2,0.8,0.2,0
"R94","X176",48,"Temperature",8.85000000000002,611,1,0,1,0,0.733333333333333,0.266666666666667,0,1,0
"R95","X177",48,"Precipitation",8.85000000000002,611,1,0,1,0,0.733333333333333,0.266666666666667,0,1,0
"R96","X184",50,"Humidity",6.85000000000002,372.3,1,0,1,0,0.866666666666667,0.133333333333333,0,1,0
"R97","X185",50,"Temperature",6.85000000000002,372.3,1,0,1,0,0.866666666666667,0.133333333333333,0,1,0
"R98","X186",50,"Precipitation",6.85000000000002,372.3,1,0,1,0,0.866666666666667,0.133333333333333,0,1,0
"R99","X187",51,"Temperature",28.2500000000001,341.6,1,0,0.8,0.133333333333333,0.733333333333333,0.266666666666667,0.266666666666667,0.733333333333333,0
"R100","X188",51,"Precipitation",28.2500000000001,341.6,1,0,0.8,0.133333333333333,0.733333333333333,0.266666666666667,0.266666666666667,0.733333333333333,0
"R101","X189",51,"Humidity",28.2500000000001,341.6,1,0,0.8,0.133333333333333,0.733333333333333,0.266666666666667,0.266666666666667,0.733333333333333,0
"R102","X190",51,"Temperature",19.2500000000001,1029.2,1,0,0.933333333333333,0.0666666666666667,0.6,0.4,0.333333333333333,0.6,0.0666666666666667
"R103","X191",51,"Precipitation",19.2500000000001,1029.2,1,0,0.933333333333333,0.0666666666666667,0.6,0.4,0.333333333333333,0.6,0.0666666666666667
"R104","X192",51,"Humidity",19.2500000000001,1029.2,1,0,0.933333333333333,0.0666666666666667,0.6,0.4,0.333333333333333,0.6,0.0666666666666667
"R105","X193",51,"Temperature",24.35,1318.4,1,0,0.8,0.2,0.666666666666667,0.333333333333333,0.2,0.733333333333333,0.0666666666666667
"R106","X194",51,"Precipitation",24.35,1318.4,1,0,0.8,0.2,0.666666666666667,0.333333333333333,0.2,0.733333333333333,0.0666666666666667
"R107","X195",51,"Humidity",24.35,1318.4,1,0,0.8,0.2,0.666666666666667,0.333333333333333,0.2,0.733333333333333,0.0666666666666667
"R108","X196",52,"Temperature",-13.7499999999999,436.7,1,0,1,0,1,0,0.0666666666666667,0.933333333333333,0
"R109","X197",52,"Precipitation",-13.7499999999999,436.7,1,0,1,0,1,0,0.0666666666666667,0.933333333333333,0
"R110","X221",55,"Temperature",27.85,2061.4,1,0,0.933333333333333,0.0666666666666667,0.8,0.2,0.6,0.333333333333333,0.0666666666666667
"R111","X222",55,"Precipitation",27.85,2061.4,1,0,0.933333333333333,0.0666666666666667,0.8,0.2,0.6,0.333333333333333,0.0666666666666667
"R112","X223",55,"Humidity",27.85,2061.4,1,0,0.933333333333333,0.0666666666666667,0.8,0.2,0.6,0.333333333333333,0.0666666666666667
"R113","X224",56,"Temperature",18.65,990.9,1,0,1,0,0.8,0.2,0,1,0
"R114","X225",56,"Precipitation",18.65,990.9,1,0,1,0,0.8,0.2,0,1,0
"R115","X226",57,"Temperature",6.15000000000003,629.4,1,0,1,0,1,0,0.266666666666667,0.733333333333333,0
"R116","X227",57,"Precipitation",6.15000000000003,629.4,1,0,1,0,1,0,0.266666666666667,0.733333333333333,0
"R117","X228",57,"Humidity",6.15000000000003,629.4,1,0,1,0,1,0,0.266666666666667,0.733333333333333,0
"R118","X229",58,"Temperature",20.35,90.3,1,0,1,0,0.8,0.133333333333333,0,1,0
"R119","X230",58,"Precipitation",20.35,90.3,1,0,1,0,0.8,0.133333333333333,0,1,0
"R120","X231",58,"Humidity",20.35,90.3,1,0,1,0,0.8,0.133333333333333,0,1,0
"R121","X232",59,"Temperature",18.45,1761,1,0,1,0,0.866666666666667,0.133333333333333,0.6,0.4,0
"R122","X234",59,"Precipitation",18.45,1761,1,0,1,0,0.866666666666667,0.133333333333333,0.6,0.4,0
"R123","X235",59,"Precipitation",18.45,1761,1,0,1,0,0.866666666666667,0.133333333333333,0.6,0.4,0
"R124","X237",60,"Temperature",14.95,1543.7,1,0,0.933333333333333,0,0.333333333333333,0.666666666666667,0,0.666666666666667,0.333333333333333
"R125","X238",60,"Precipitation",14.95,1543.7,1,0,0.933333333333333,0,0.333333333333333,0.666666666666667,0,0.666666666666667,0.333333333333333
"R126","X239",61,"Temperature",12.85,661.7,1,0,0.933333333333333,0,0.933333333333333,0.0666666666666667,0.266666666666667,0.733333333333333,0
"R127","X240",61,"Precipitation",12.85,661.7,1,0,0.933333333333333,0,0.933333333333333,0.0666666666666667,0.266666666666667,0.733333333333333,0
"R128","X241",61,"Humidity",12.85,661.7,1,0,0.933333333333333,0,0.933333333333333,0.0666666666666667,0.266666666666667,0.733333333333333,0
"R129","X244",63,"Temperature",10.65,833.6,1,0,0.933333333333333,0.0666666666666667,0.4,0.533333333333333,0,1,0
"R130","X245",63,"Temperature",10.65,833.6,1,0,0.933333333333333,0.0666666666666667,0.4,0.533333333333333,0,1,0
"R131","X246",63,"Precipitation",10.65,833.6,1,0,0.933333333333333,0.0666666666666667,0.4,0.533333333333333,0,1,0
"R132","X247",64,"Temperature",11.55,1316.7,1,0,0.933333333333333,0.0666666666666667,0.4,0.6,0,0.933333333333333,0.0666666666666667
"R133","X248",64,"Precipitation",11.55,1316.7,1,0,0.933333333333333,0.0666666666666667,0.4,0.6,0,0.933333333333333,0.0666666666666667
"R134","X254",67,"Precipitation",14.95,1543.7,1,0,0.933333333333333,0,0.333333333333333,0.666666666666667,0,0.666666666666667,0.333333333333333
"R135","X255",68,"Temperature",9.95000000000005,913.2,1,0,1,0,0.466666666666667,0.533333333333333,0,1,0
"R136","X256",68,"Precipitation",9.95000000000005,913.2,1,0,1,0,0.466666666666667,0.533333333333333,0,1,0
"R137","X257",68,"Precipitation",9.95000000000005,913.2,1,0,1,0,0.466666666666667,0.533333333333333,0,1,0
"R138","X258",68,"Precipitation",9.95000000000005,913.2,1,0,1,0,0.466666666666667,0.533333333333333,0,1,0
"R139","X259",69,"Temperature",7.15000000000003,1033.4,1,0,1,0,0.4,0.6,0,1,0
"R140","X260",70,"Temperature",24.65,1556.9,1,0,0.8,0.133333333333333,0.733333333333333,0.266666666666667,0.266666666666667,0.733333333333333,0
"R141","X261",71,"Temperature",14.65,1299.8,1,0,1,0,0.533333333333333,0.466666666666667,0.133333333333333,0.8,0.0666666666666667
"R142","X262",71,"Precipitation",14.65,1299.8,1,0,1,0,0.533333333333333,0.466666666666667,0.133333333333333,0.8,0.0666666666666667
"R143","X263",72,"Precipitation",27.45,1836.7,1,0,0.933333333333333,0.0666666666666667,0.866666666666667,0.133333333333333,0.466666666666667,0.533333333333333,0
"R144","X264",72,"Humidity",27.45,1836.7,1,0,0.933333333333333,0.0666666666666667,0.866666666666667,0.133333333333333,0.466666666666667,0.533333333333333,0
"R145","X268",74,"Temperature",22.05,719.6,1,0,0.933333333333333,0.0666666666666667,0.8,0.2,0.266666666666667,0.733333333333333,0
"R146","X269",74,"Precipitation",22.05,719.6,1,0,0.933333333333333,0.0666666666666667,0.8,0.2,0.266666666666667,0.733333333333333,0
"R147","X270",74,"Humidity",22.05,719.6,1,0,0.933333333333333,0.0666666666666667,0.8,0.2,0.266666666666667,0.733333333333333,0
"R148","X271",75,"Temperature",6.85000000000002,372.3,1,0,1,0,0.866666666666667,0.133333333333333,0,1,0
"R149","X272",75,"Temperature",4.65000000000003,535.1,1,0,1,0,0.933333333333333,0.0666666666666667,0.2,0.8,0
"R150","X273",75,"Temperature",11.2500000000001,419.5,1,0,1,0,0.866666666666667,0.133333333333333,0.133333333333333,0.866666666666667,0
"R151","X274",75,"Temperature",5.65000000000003,656.5,1,0,1,0,1,0,0.266666666666667,0.733333333333333,0
"R152","X275",75,"Precipitation",6.85000000000002,372.3,1,0,1,0,0.866666666666667,0.133333333333333,0,1,0
"R153","X276",75,"Precipitation",4.65000000000003,535.1,1,0,1,0,0.933333333333333,0.0666666666666667,0.2,0.8,0
"R154","X277",75,"Precipitation",11.2500000000001,419.5,1,0,1,0,0.866666666666667,0.133333333333333,0.133333333333333,0.866666666666667,0
"R155","X278",75,"Precipitation",5.65000000000003,656.5,1,0,1,0,1,0,0.266666666666667,0.733333333333333,0
"R156","X279",75,"Humidity",6.85000000000002,372.3,1,0,1,0,0.866666666666667,0.133333333333333,0,1,0
"R157","X280",75,"Humidity",4.65000000000003,535.1,1,0,1,0,0.933333333333333,0.0666666666666667,0.2,0.8,0
"R158","X281",75,"Humidity",11.2500000000001,419.5,1,0,1,0,0.866666666666667,0.133333333333333,0.133333333333333,0.866666666666667,0
"R159","X282",75,"Humidity",5.65000000000003,656.5,1,0,1,0,1,0,0.266666666666667,0.733333333333333,0
"R160","X283",76,"Temperature",18.65,450.7,1,0,1,0,0.733333333333333,0.266666666666667,0,1,0
"R161","X285",76,"Humidity",18.65,450.7,1,0,1,0,0.733333333333333,0.266666666666667,0,1,0
"R162","X286",77,"Temperature",13.05,493.1,1,0,0.933333333333333,0,0.933333333333333,0.0666666666666667,0,1,0
"R163","X287",78,"Temperature",3.75000000000006,738.4,1,0,1,0,1,0,0,1,0
"R164","X288",79,"Temperature",18.35,1678.2,1,0,0.866666666666667,0.0666666666666667,0.2,0.8,0,0.8,0.2
"R165","X289",79,"Precipitation",18.35,1678.2,1,0,0.866666666666667,0.0666666666666667,0.2,0.8,0,0.8,0.2
"R166","X290",79,"Precipitation",18.35,1678.2,1,0,0.866666666666667,0.0666666666666667,0.2,0.8,0,0.8,0.2
"R167","X291",80,"Temperature",9.95000000000005,913.2,1,0,1,0,0.466666666666667,0.533333333333333,0,1,0
"R168","X292",81,"Temperature",17.35,790.7,1,0,1,0,0.733333333333333,0.266666666666667,0,1,0
"R169","X293",81,"Precipitation",17.35,790.7,1,0,1,0,0.733333333333333,0.266666666666667,0,1,0
"R170","X294",82,"Temperature",12.85,696.8,1,0,1,0,0.466666666666667,0.533333333333333,0,1,0
"R171","X295",82,"Temperature",12.85,696.8,1,0,1,0,0.466666666666667,0.533333333333333,0,1,0
"R172","X296",82,"Temperature",12.85,696.8,1,0,1,0,0.466666666666667,0.533333333333333,0,1,0
"R173","X297",82,"Humidity",12.85,696.8,1,0,1,0,0.466666666666667,0.533333333333333,0,1,0
"R174","X332",86,"Temperature",11.2500000000001,419.5,1,0,1,0,0.866666666666667,0.133333333333333,0.133333333333333,0.866666666666667,0
"R175","X333",86,"Precipitation",11.2500000000001,419.5,1,0,1,0,0.866666666666667,0.133333333333333,0.133333333333333,0.866666666666667,0
"R176","X334",86,"Humidity",11.2500000000001,419.5,1,0,1,0,0.866666666666667,0.133333333333333,0.133333333333333,0.866666666666667,0
"R177","X335",87,"Precipitation",-3.54999999999995,1462.3,1,0,1,0,0.666666666666667,0.333333333333333,0.266666666666667,0.733333333333333,0
"R178","X339",90,"Temperature",8.75000000000006,329.4,1,0,1,0,0.533333333333333,0.466666666666667,0,1,0
"R179","X340",90,"Precipitation",8.75000000000006,329.4,1,0,1,0,0.533333333333333,0.466666666666667,0,1,0
"R180","X341",90,"Humidity",8.75000000000006,329.4,1,0,1,0,0.533333333333333,0.466666666666667,0,1,0
"R181","X345",92,"Temperature",2.85000000000002,2009,1,0,1,0,0.466666666666667,0.533333333333333,0.2,0.733333333333333,0.0666666666666667
"R182","X346",92,"Precipitation",2.85000000000002,2009,1,0,1,0,0.466666666666667,0.533333333333333,0.2,0.733333333333333,0.0666666666666667
"R183","X347",93,"Precipitation",25.65,1702.5,1,0,0.933333333333333,0.0666666666666667,0.333333333333333,0.666666666666667,0.2,0.533333333333333,0.266666666666667
"R184","X350",95,"Precipitation",18.65,708.3,1,0,0.933333333333333,0.0666666666666667,0.533333333333333,0.466666666666667,0.2,0.8,0
"R185","X351",95,"Precipitation",18.65,708.3,1,0,0.933333333333333,0.0666666666666667,0.533333333333333,0.466666666666667,0.2,0.8,0
"R186","X352",95,"Precipitation",18.65,708.3,1,0,0.933333333333333,0.0666666666666667,0.533333333333333,0.466666666666667,0.2,0.8,0
"R187","X353",95,"Precipitation",18.65,708.3,1,0,0.933333333333333,0.0666666666666667,0.533333333333333,0.466666666666667,0.2,0.8,0
"R188","X354",96,"Temperature",7.45000000000005,1123.1,1,0,1,0,0.8,0.2,0.266666666666667,0.733333333333333,0
"R189","X355",96,"Precipitation",7.45000000000005,1123.1,1,0,1,0,0.8,0.2,0.266666666666667,0.733333333333333,0
"R190","X356",97,"Temperature",10.35,609.8,1,0,1,0,1,0,0.466666666666667,0.533333333333333,0
"R191","X357",97,"Precipitation",10.35,609.8,1,0,1,0,1,0,0.466666666666667,0.533333333333333,0
"R192","X358",97,"Humidity",10.35,609.8,1,0,1,0,1,0,0.466666666666667,0.533333333333333,0
"R193","X359",98,"Temperature",10.35,609.8,1,0,1,0,1,0,0.466666666666667,0.533333333333333,0
"R194","X360",98,"Precipitation",10.35,609.8,1,0,1,0,1,0,0.466666666666667,0.533333333333333,0
"R195","X361",98,"Humidity",10.35,609.8,1,0,1,0,1,0,0.466666666666667,0.533333333333333,0
"R196","X362",99,"Temperature",18.15,1703,1,0,1,0,0.8,0.2,0.6,0.4,0
"R197","X363",99,"Precipitation",18.15,1703,1,0,1,0,0.8,0.2,0.6,0.4,0
"R198","X364",100,"Temperature",25.15,1259,1,0,0.866666666666667,0.133333333333333,0.8,0.2,0.2,0.733333333333333,0.0666666666666667
"R199","X365",100,"Precipitation",25.15,1259,1,0,0.866666666666667,0.133333333333333,0.8,0.2,0.2,0.733333333333333,0.0666666666666667
"R200","X366",100,"Humidity",25.15,1259,1,0,0.866666666666667,0.133333333333333,0.8,0.2,0.2,0.733333333333333,0.0666666666666667
"R201","X367",101,"Temperature",13.7500000000001,1690.1,1,0,1,0,0.333333333333333,0.666666666666667,0.266666666666667,0.4,0.333333333333333
"R202","X367",101,"Temperature",13.7500000000001,1690.1,1,0,1,0,0.333333333333333,0.666666666666667,0.266666666666667,0.4,0.333333333333333
"R203","X368",101,"Precipitation",13.7500000000001,1690.1,1,0,1,0,0.333333333333333,0.666666666666667,0.266666666666667,0.4,0.333333333333333
"R204","X368",101,"Precipitation",13.7500000000001,1690.1,1,0,1,0,0.333333333333333,0.666666666666667,0.266666666666667,0.4,0.333333333333333
"R205","X369",101,"Temperature",13.7500000000001,1690.1,1,0,1,0,0.333333333333333,0.666666666666667,0.266666666666667,0.4,0.333333333333333
"R206","X370",101,"Precipitation",13.7500000000001,1690.1,1,0,1,0,0.333333333333333,0.666666666666667,0.266666666666667,0.4,0.333333333333333
"R207","X371",101,"Temperature",13.7500000000001,1690.1,1,0,1,0,0.333333333333333,0.666666666666667,0.266666666666667,0.4,0.333333333333333
"R208","X372",101,"Precipitation",13.7500000000001,1690.1,1,0,1,0,0.333333333333333,0.666666666666667,0.266666666666667,0.4,0.333333333333333
"R209","X373",102,"Temperature",9.95000000000005,917.1,1,0,0.933333333333333,0.0666666666666667,0.533333333333333,0.466666666666667,0,1,0
"R210","X374",102,"Temperature",9.95000000000005,917.1,1,0,0.933333333333333,0.0666666666666667,0.533333333333333,0.466666666666667,0,1,0
"R211","X375",102,"Temperature",9.95000000000005,917.1,1,0,0.933333333333333,0.0666666666666667,0.533333333333333,0.466666666666667,0,1,0
"R212","X376",103,"Temperature",25.65,1720.8,1,0,1,0,0.266666666666667,0.733333333333333,0,0.666666666666667,0.333333333333333
"R213","X377",103,"Precipitation",25.65,1720.8,1,0,1,0,0.266666666666667,0.733333333333333,0,0.666666666666667,0.333333333333333
"R214","X378",103,"Humidity",25.65,1720.8,1,0,1,0,0.266666666666667,0.733333333333333,0,0.666666666666667,0.333333333333333
"R215","X379",104,"Temperature",26.95,2959,1,0,0.8,0.0666666666666667,0.8,0.2,0.4,0.6,0
"R216","X380",104,"Precipitation",26.95,2959,1,0,0.8,0.0666666666666667,0.8,0.2,0.4,0.6,0
"R217","X381",104,"Humidity",26.95,2959,1,0,0.8,0.0666666666666667,0.8,0.2,0.4,0.6,0
"R218","X382",105,"Temperature",8.75000000000006,329.4,1,0,1,0,0.533333333333333,0.466666666666667,0,1,0
"R219","X383",105,"Precipitation",8.75000000000006,329.4,1,0,1,0,0.533333333333333,0.466666666666667,0,1,0
"R220","X384",105,"Humidity",8.75000000000006,329.4,1,0,1,0,0.533333333333333,0.466666666666667,0,1,0
"R221","X391",108,"Temperature",12.85,376.6,1,0,1,0,1,0,0,1,0
"R222","X392",108,"Precipitation",12.85,376.6,1,0,1,0,1,0,0,1,0
"R223","X393",108,"Temperature",18.85,1236.1,1,0,0.933333333333333,0,1,0,0.6,0.4,0
"R224","X394",108,"Precipitation",18.85,1236.1,1,0,0.933333333333333,0,1,0,0.6,0.4,0
"R225","X395",108,"Temperature",10.7500000000001,1019.6,1,0,1,0,1,0,0.0666666666666667,0.933333333333333,0
"R226","X396",108,"Precipitation",10.7500000000001,1019.6,1,0,1,0,1,0,0.0666666666666667,0.933333333333333,0
"R227","X397",108,"Temperature",7.55000000000001,833.9,1,0,1,0,0.533333333333333,0.466666666666667,0,1,0
"R228","X398",108,"Precipitation",7.55000000000001,833.9,1,0,1,0,0.533333333333333,0.466666666666667,0,1,0
"R229","X399",108,"Temperature",10.45,748.9,1,0,1,0,0.6,0.4,0,1,0
"R230","X400",108,"Precipitation",10.45,748.9,1,0,1,0,0.6,0.4,0,1,0
"R231","X401",108,"Temperature",7.75000000000006,284.8,1,0,1,0,0.933333333333333,0.0666666666666667,0,1,0
"R232","X402",108,"Precipitation",7.75000000000006,284.8,1,0,1,0,0.933333333333333,0.0666666666666667,0,1,0
"R233","X403",108,"Temperature",9.05000000000001,703.2,1,0,1,0,0.733333333333333,0.266666666666667,0,1,0
"R234","X404",108,"Precipitation",9.05000000000001,703.2,1,0,1,0,0.733333333333333,0.266666666666667,0,1,0
"R235","X405",108,"Temperature",15.7500000000001,475.8,1,0,1,0,0.333333333333333,0.666666666666667,0.0666666666666667,0.933333333333333,0
"R236","X406",108,"Precipitation",15.7500000000001,475.8,1,0,1,0,0.333333333333333,0.666666666666667,0.0666666666666667,0.933333333333333,0
"R237","X407",108,"Temperature",7.75000000000006,284.8,1,0,1,0,0.933333333333333,0.0666666666666667,0,1,0
"R238","X408",108,"Precipitation",7.75000000000006,284.8,1,0,1,0,0.933333333333333,0.0666666666666667,0,1,0
"R239","X409",108,"Temperature",10.65,2689,1,0,0.933333333333333,0.0666666666666667,0.866666666666667,0.133333333333333,0.333333333333333,0.666666666666667,0
"R240","X410",108,"Precipitation",10.65,2689,1,0,0.933333333333333,0.0666666666666667,0.866666666666667,0.133333333333333,0.333333333333333,0.666666666666667,0
"R241","X411",109,"Temperature",11.7500000000001,1534.8,1,0,0.933333333333333,0.0666666666666667,1,0,0.133333333333333,0.866666666666667,0
"R242","X412",109,"Temperature",11.7500000000001,1534.8,1,0,0.933333333333333,0.0666666666666667,1,0,0.133333333333333,0.866666666666667,0
"R243","X413",109,"Precipitation",11.7500000000001,1534.8,1,0,0.933333333333333,0.0666666666666667,1,0,0.133333333333333,0.866666666666667,0
"R244","X414",110,"Temperature",22.95,2066.1,1,0,1,0,0.933333333333333,0.0666666666666667,0.733333333333333,0.266666666666667,0
"R245","X415",110,"Precipitation",22.95,2066.1,1,0,1,0,0.933333333333333,0.0666666666666667,0.733333333333333,0.266666666666667,0
"R246","X416",110,"Humidity",22.95,2066.1,1,0,1,0,0.933333333333333,0.0666666666666667,0.733333333333333,0.266666666666667,0
"R247","X417",111,"Temperature",22.95,2066.1,1,0,1,0,0.933333333333333,0.0666666666666667,0.733333333333333,0.266666666666667,0
"R248","X418",111,"Precipitation",22.95,2066.1,1,0,1,0,0.933333333333333,0.0666666666666667,0.733333333333333,0.266666666666667,0
"R249","X419",111,"Humidity",22.95,2066.1,1,0,1,0,0.933333333333333,0.0666666666666667,0.733333333333333,0.266666666666667,0
"R250","X420",112,"Temperature",13.45,707,1,0,1,0,0.933333333333333,0.0666666666666667,0.333333333333333,0.666666666666667,0
"R251","X421",112,"Temperature",13.45,707,1,0,1,0,0.933333333333333,0.0666666666666667,0.333333333333333,0.666666666666667,0
"R252","X422",112,"Precipitation",13.45,707,1,0,1,0,0.933333333333333,0.0666666666666667,0.333333333333333,0.666666666666667,0
"R253","X423",112,"Humidity",13.45,707,1,0,1,0,0.933333333333333,0.0666666666666667,0.333333333333333,0.666666666666667,0
"R254","X424",113,"Temperature",25.85,1142.1,1,0,0.866666666666667,0.133333333333333,0.666666666666667,0.333333333333333,0,1,0
"R255","X425",113,"Precipitation",25.85,1142.1,1,0,0.866666666666667,0.133333333333333,0.666666666666667,0.333333333333333,0,1,0
"R256","X426",113,"Temperature",25.15,1790.1,1,0,0.933333333333333,0.0666666666666667,0.533333333333333,0.466666666666667,0.133333333333333,0.8,0.0666666666666667
"R257","X427",113,"Precipitation",25.15,1790.1,1,0,0.933333333333333,0.0666666666666667,0.533333333333333,0.466666666666667,0.133333333333333,0.8,0.0666666666666667
"R258","X428",114,"Temperature",14.15,1581.9,1,0,0.8,0.2,0.0666666666666667,0.933333333333333,0,0.2,0.8
"R259","X429",114,"Precipitation",14.15,1581.9,1,0,0.8,0.2,0.0666666666666667,0.933333333333333,0,0.2,0.8
"R260","X430",114,"Humidity",14.15,1581.9,1,0,0.8,0.2,0.0666666666666667,0.933333333333333,0,0.2,0.8
"R261","X434",117,"Temperature",14.35,167.3,1,0,0.933333333333333,0,0.8,0.133333333333333,0,1,0
"R262","X435",117,"Temperature",12.7500000000001,247.1,1,0,0.933333333333333,0,0.733333333333333,0.266666666666667,0,1,0
"R263","X436",117,"Temperature",20.65,389.7,1,0,0.933333333333333,0,0.533333333333333,0.466666666666667,0,1,0
"R264","X437",117,"Temperature",19.05,227.7,1,0,0.933333333333333,0,0.866666666666667,0.133333333333333,0,1,0
"R265","X438",117,"Temperature",20.35,299.4,1,0,0.933333333333333,0,0.6,0.4,0,1,0
"R266","X439",117,"Precipitation",14.35,167.3,1,0,0.933333333333333,0,0.8,0.133333333333333,0,1,0
"R267","X440",117,"Precipitation",12.7500000000001,247.1,1,0,0.933333333333333,0,0.733333333333333,0.266666666666667,0,1,0
"R268","X441",117,"Precipitation",20.65,389.7,1,0,0.933333333333333,0,0.533333333333333,0.466666666666667,0,1,0
"R269","X442",117,"Precipitation",19.05,227.7,1,0,0.933333333333333,0,0.866666666666667,0.133333333333333,0,1,0
"R270","X443",117,"Precipitation",14.35,167.3,1,0,0.933333333333333,0,0.8,0.133333333333333,0,1,0
"R271","X444",117,"Humidity",14.35,167.3,1,0,0.933333333333333,0,0.8,0.133333333333333,0,1,0
"R272","X445",117,"Humidity",12.7500000000001,247.1,1,0,0.933333333333333,0,0.733333333333333,0.266666666666667,0,1,0
"R273","X446",117,"Humidity",20.65,389.7,1,0,0.933333333333333,0,0.533333333333333,0.466666666666667,0,1,0
"R274","X447",117,"Humidity",19.05,227.7,1,0,0.933333333333333,0,0.866666666666667,0.133333333333333,0,1,0
"R275","X448",117,"Humidity",14.35,167.3,1,0,0.933333333333333,0,0.8,0.133333333333333,0,1,0
"R276","X449",118,"Temperature",13.05,493.1,1,0,0.933333333333333,0,0.933333333333333,0.0666666666666667,0,1,0
"R277","X450",118,"Precipitation",13.05,493.1,1,0,0.933333333333333,0,0.933333333333333,0.0666666666666667,0,1,0
"R278","X451",119,"Precipitation",23.7500000000001,1121.4,1,0,0.866666666666667,0.0666666666666667,0.666666666666667,0.333333333333333,0.4,0.6,0
"R279","X452",120,"Temperature",28.35,748.3,1,0,0.733333333333333,0.2,1,0,0.533333333333333,0.466666666666667,0
"R280","X453",120,"Precipitation",28.35,748.3,1,0,0.733333333333333,0.2,1,0,0.533333333333333,0.466666666666667,0
"R281","X454",120,"Humidity",28.35,748.3,1,0,0.733333333333333,0.2,1,0,0.533333333333333,0.466666666666667,0
"R285","X458",122,"Temperature",13.55,810.4,1,0,1,0,0.733333333333333,0.266666666666667,0,1,0
"R286","X459",122,"Precipitation",13.55,810.4,1,0,1,0,0.733333333333333,0.266666666666667,0,1,0
"R287","X460",123,"Temperature",18.45,1223.2,1,0,1,0,0.733333333333333,0.266666666666667,0.133333333333333,0.866666666666667,0
"R288","X461",123,"Precipitation",18.45,1223.2,1,0,1,0,0.733333333333333,0.266666666666667,0.133333333333333,0.866666666666667,0
"R289","X462",123,"Temperature",18.65,1143.3,1,0,1,0,0.8,0.2,0.133333333333333,0.866666666666667,0
"R290","X463",123,"Precipitation",18.65,1143.3,1,0,1,0,0.8,0.2,0.133333333333333,0.866666666666667,0
"R291","X464",123,"Temperature",18.55,1323.7,1,0,1,0,0.8,0.2,0.133333333333333,0.866666666666667,0
"R292","X465",123,"Precipitation",18.55,1323.7,1,0,1,0,0.8,0.2,0.133333333333333,0.866666666666667,0
"R293","X466",124,"Temperature",9.95000000000005,913.2,1,0,1,0,0.466666666666667,0.533333333333333,0,1,0
"R294","X467",124,"Precipitation",9.95000000000005,913.2,1,0,1,0,0.466666666666667,0.533333333333333,0,1,0
"R295","X468",124,"Temperature",9.95000000000005,913.2,1,0,1,0,0.466666666666667,0.533333333333333,0,1,0
"R296","X469",124,"Precipitation",9.95000000000005,913.2,1,0,1,0,0.466666666666667,0.533333333333333,0,1,0
"R297","X470",124,"Temperature",9.95000000000005,913.2,1,0,1,0,0.466666666666667,0.533333333333333,0,1,0
"R298","X471",124,"Precipitation",9.95000000000005,913.2,1,0,1,0,0.466666666666667,0.533333333333333,0,1,0
"R299","X472",124,"Temperature",9.95000000000005,913.2,1,0,1,0,0.466666666666667,0.533333333333333,0,1,0
"R300","X473",124,"Precipitation",9.95000000000005,913.2,1,0,1,0,0.466666666666667,0.533333333333333,0,1,0
"R301","X475",126,"Temperature",13.65,494.2,1,0,1,0,1,0,0.266666666666667,0.733333333333333,0
"R302","X476",126,"Temperature",13.65,494.2,1,0,1,0,1,0,0.266666666666667,0.733333333333333,0
"R303","X477",126,"Humidity",13.65,494.2,1,0,1,0,1,0,0.266666666666667,0.733333333333333,0
"R304","X478",126,"Humidity",13.65,494.2,1,0,1,0,1,0,0.266666666666667,0.733333333333333,0
"R305","X479",127,"Temperature",8.55000000000001,918.7,1,0,1,0,0.666666666666667,0.333333333333333,0,1,0
"R306","X480",127,"Temperature",8.55000000000001,918.7,1,0,1,0,0.666666666666667,0.333333333333333,0,1,0
"R307","X481",128,"Temperature",17.05,1165.2,1,0,0.8,0.2,0.933333333333333,0.0666666666666667,0.0666666666666667,0.933333333333333,0
"R308","X482",128,"Precipitation",17.05,1165.2,1,0,0.8,0.2,0.933333333333333,0.0666666666666667,0.0666666666666667,0.933333333333333,0
"R309","X483",128,"Precipitation",17.05,1165.2,1,0,0.8,0.2,0.933333333333333,0.0666666666666667,0.0666666666666667,0.933333333333333,0
"R310","X484",128,"Temperature",17.05,1165.2,1,0,0.8,0.2,0.933333333333333,0.0666666666666667,0.0666666666666667,0.933333333333333,0
"R311","X485",129,"Temperature",12.15,1383.8,1,0,1,0,0.933333333333333,0.0666666666666667,0.733333333333333,0.266666666666667,0
"R312","X486",129,"Precipitation",12.15,1383.8,1,0,1,0,0.933333333333333,0.0666666666666667,0.733333333333333,0.266666666666667,0
"R313","X487",129,"Humidity",12.15,1383.8,1,0,1,0,0.933333333333333,0.0666666666666667,0.733333333333333,0.266666666666667,0
"R314","X489",129,"Precipitation",12.15,1383.8,1,0,1,0,0.933333333333333,0.0666666666666667,0.733333333333333,0.266666666666667,0
"R315","X490",129,"Humidity",12.15,1383.8,1,0,1,0,0.933333333333333,0.0666666666666667,0.733333333333333,0.266666666666667,0
"R316","X491",130,"Temperature",22.45,3389.7,1,0,0.933333333333333,0,0.466666666666667,0.533333333333333,0.333333333333333,0.333333333333333,0.333333333333333
"R317","X492",130,"Precipitation",22.45,3389.7,1,0,0.933333333333333,0,0.466666666666667,0.533333333333333,0.333333333333333,0.333333333333333,0.333333333333333
"R318","X493",130,"Humidity",22.45,3389.7,1,0,0.933333333333333,0,0.466666666666667,0.533333333333333,0.333333333333333,0.333333333333333,0.333333333333333
"R319","X494",130,"Temperature",22.7500000000001,1933.6,1,0,0.933333333333333,0,0.6,0.4,0.4,0.466666666666667,0.133333333333333
"R320","X495",130,"Precipitation",22.7500000000001,1933.6,1,0,0.933333333333333,0,0.6,0.4,0.4,0.466666666666667,0.133333333333333
"R321","X496",130,"Humidity",22.7500000000001,1933.6,1,0,0.933333333333333,0,0.6,0.4,0.4,0.466666666666667,0.133333333333333
"R322","X497",130,"Temperature",23.15,3957.5,1,0,0.933333333333333,0.0666666666666667,0.6,0.4,0.4,0.4,0.2
"R323","X498",130,"Precipitation",23.15,3957.5,1,0,0.933333333333333,0.0666666666666667,0.6,0.4,0.4,0.4,0.2
"R324","X499",130,"Humidity",23.15,3957.5,1,0,0.933333333333333,0.0666666666666667,0.6,0.4,0.4,0.4,0.2
"R325","X500",130,"Temperature",24.05,1843.1,1,0,0.933333333333333,0.0666666666666667,0.8,0.2,0.666666666666667,0.333333333333333,0
"R326","X501",130,"Precipitation",24.05,1843.1,1,0,0.933333333333333,0.0666666666666667,0.8,0.2,0.666666666666667,0.333333333333333,0
"R327","X502",130,"Humidity",24.05,1843.1,1,0,0.933333333333333,0.0666666666666667,0.8,0.2,0.666666666666667,0.333333333333333,0
"R328","X503",130,"Temperature",22.85,3950,1,0,0.933333333333333,0.0666666666666667,0.533333333333333,0.466666666666667,0.333333333333333,0.2,0.466666666666667
"R329","X504",130,"Precipitation",22.85,3950,1,0,0.933333333333333,0.0666666666666667,0.533333333333333,0.466666666666667,0.333333333333333,0.2,0.466666666666667
"R330","X505",130,"Humidity",22.85,3950,1,0,0.933333333333333,0.0666666666666667,0.533333333333333,0.466666666666667,0.333333333333333,0.2,0.466666666666667
"R331","X506",130,"Temperature",21.85,3510,1,0,0.933333333333333,0.0666666666666667,0.666666666666667,0.333333333333333,0.466666666666667,0.266666666666667,0.266666666666667
"R332","X507",130,"Precipitation",21.85,3510,1,0,0.933333333333333,0.0666666666666667,0.666666666666667,0.333333333333333,0.466666666666667,0.266666666666667,0.266666666666667
"R333","X508",130,"Humidity",21.85,3510,1,0,0.933333333333333,0.0666666666666667,0.666666666666667,0.333333333333333,0.466666666666667,0.266666666666667,0.266666666666667
"R334","X509",130,"Temperature",23.15,1443.7,1,0,0.933333333333333,0.0666666666666667,0.8,0.2,0.466666666666667,0.533333333333333,0
"R335","X510",130,"Precipitation",23.15,1443.7,1,0,0.933333333333333,0.0666666666666667,0.8,0.2,0.466666666666667,0.533333333333333,0
"R336","X511",130,"Humidity",23.15,1443.7,1,0,0.933333333333333,0.0666666666666667,0.8,0.2,0.466666666666667,0.533333333333333,0
"R337","X512",130,"Temperature",20.85,1236.1,1,0,0.933333333333333,0,0.8,0.2,0.266666666666667,0.733333333333333,0
"R338","X513",130,"Precipitation",20.85,1236.1,1,0,0.933333333333333,0,0.8,0.2,0.266666666666667,0.733333333333333,0
"R339","X514",130,"Humidity",20.85,1236.1,1,0,0.933333333333333,0,0.8,0.2,0.266666666666667,0.733333333333333,0
"R340","X515",130,"Temperature",18.7500000000001,1360,1,0,1,0,0.8,0.2,0.2,0.8,0
"R341","X516",130,"Precipitation",18.7500000000001,1360,1,0,1,0,0.8,0.2,0.2,0.8,0
"R342","X517",130,"Humidity",18.7500000000001,1360,1,0,1,0,0.8,0.2,0.2,0.8,0
"R343","X518",131,"Temperature",8.85000000000002,4922.4,1,0,0.933333333333333,0.0666666666666667,0.8,0.2,0.6,0.266666666666667,0.133333333333333
"R344","X519",131,"Precipitation",8.85000000000002,4922.4,1,0,0.933333333333333,0.0666666666666667,0.8,0.2,0.6,0.266666666666667,0.133333333333333
"R345","X520",131,"Humidity",8.85000000000002,4922.4,1,0,0.933333333333333,0.0666666666666667,0.8,0.2,0.6,0.266666666666667,0.133333333333333
"R346","X521",132,"Temperature",12.05,3045.5,1,0,0.733333333333333,0.266666666666667,0.4,0.6,0.266666666666667,0.6,0.133333333333333
"R347","X522",132,"Precipitation",12.05,3045.5,1,0,0.733333333333333,0.266666666666667,0.4,0.6,0.266666666666667,0.6,0.133333333333333
"R348","X523",133,"Temperature",21.65,625.9,1,0,0.933333333333333,0,0.533333333333333,0.466666666666667,0.0666666666666667,0.933333333333333,0
"R349","X524",133,"Precipitation",21.65,625.9,1,0,0.933333333333333,0,0.533333333333333,0.466666666666667,0.0666666666666667,0.933333333333333,0
"R350","X525",134,"Temperature",14.65,582.9,1,0,1,0,0.133333333333333,0.866666666666667,0,1,0
"R351","X527",135,"Temperature",20.2500000000001,92,1,0,0.933333333333333,0,0.8,0.133333333333333,0,1,0
"R352","X528",135,"Precipitation",20.2500000000001,92,1,0,0.933333333333333,0,0.8,0.133333333333333,0,1,0
"R353","X529",135,"Precipitation",20.2500000000001,92,1,0,0.933333333333333,0,0.8,0.133333333333333,0,1,0
"R354","X530",136,"Temperature",8.85000000000002,4922.4,1,0,0.933333333333333,0.0666666666666667,0.8,0.2,0.6,0.266666666666667,0.133333333333333
"R355","X531",136,"Precipitation",8.85000000000002,4922.4,1,0,0.933333333333333,0.0666666666666667,0.8,0.2,0.6,0.266666666666667,0.133333333333333
"R356","X538",137,"Temperature",8.65000000000003,813.5,1,0,0.933333333333333,0,0.8,0.2,0.266666666666667,0.733333333333333,0
"R357","X539",137,"Precipitation",8.65000000000003,813.5,1,0,0.933333333333333,0,0.8,0.2,0.266666666666667,0.733333333333333,0
"R358","X540",138,"Temperature",17.65,1519.5,1,0,0.933333333333333,0,0.866666666666667,0.133333333333333,0.533333333333333,0.466666666666667,0
"R359","X541",138,"Precipitation",17.65,1519.5,1,0,0.933333333333333,0,0.866666666666667,0.133333333333333,0.533333333333333,0.466666666666667,0
"R360","X542",138,"Temperature",22.95,2017.7,1,0,1,0,0.933333333333333,0.0666666666666667,0.733333333333333,0.266666666666667,0
"R361","X543",138,"Precipitation",22.95,2017.7,1,0,1,0,0.933333333333333,0.0666666666666667,0.733333333333333,0.266666666666667,0
"R363","X545",139,"Precipitation",12.05,3045.5,1,0,0.733333333333333,0.266666666666667,0.4,0.6,0.266666666666667,0.6,0.133333333333333
"R364","X546",140,"Precipitation",8.75000000000006,329.4,1,0,1,0,0.533333333333333,0.466666666666667,0,1,0
"R365","X547",141,"Temperature",6.85000000000002,372.3,1,0,1,0,0.866666666666667,0.133333333333333,0,1,0
"R366","X548",141,"Precipitation",6.85000000000002,372.3,1,0,1,0,0.866666666666667,0.133333333333333,0,1,0
"R367","X549",141,"Humidity",6.85000000000002,372.3,1,0,1,0,0.866666666666667,0.133333333333333,0,1,0
"R368","X550",142,"Temperature",8.75000000000006,329.4,1,0,1,0,0.533333333333333,0.466666666666667,0,1,0
"R369","X552",142,"Humidity",8.75000000000006,329.4,1,0,1,0,0.533333333333333,0.466666666666667,0,1,0
"R370","X553",143,"Temperature",18.2500000000001,254,1,0,1,0,0.6,0.4,0,1,0
"R371","X554",143,"Precipitation",18.2500000000001,254,1,0,1,0,0.6,0.4,0,1,0
"R372","X555",143,"Temperature",18.2500000000001,254,1,0,1,0,0.6,0.4,0,1,0
"R373","X556",143,"Precipitation",18.2500000000001,254,1,0,1,0,0.6,0.4,0,1,0
"R374","X557",144,"Temperature",8.75000000000006,329.4,1,0,1,0,0.533333333333333,0.466666666666667,0,1,0
"R375","X558",144,"Precipitation",8.75000000000006,329.4,1,0,1,0,0.533333333333333,0.466666666666667,0,1,0
"R376","X559",144,"Humidity",8.75000000000006,329.4,1,0,1,0,0.533333333333333,0.466666666666667,0,1,0
"R377","X560",144,"Temperature",8.75000000000006,329.4,1,0,1,0,0.533333333333333,0.466666666666667,0,1,0
"R378","X561",144,"Precipitation",8.75000000000006,329.4,1,0,1,0,0.533333333333333,0.466666666666667,0,1,0
"R379","X562",144,"Humidity",8.75000000000006,329.4,1,0,1,0,0.533333333333333,0.466666666666667,0,1,0
"R380","X563",145,"Temperature",9.25000000000006,425.7,1,0,1,0,0.866666666666667,0.133333333333333,0.0666666666666667,0.933333333333333,0
"R381","X564",145,"Precipitation",9.25000000000006,425.7,1,0,1,0,0.866666666666667,0.133333333333333,0.0666666666666667,0.933333333333333,0
"R382","X565",145,"Humidity",9.25000000000006,425.7,1,0,1,0,0.866666666666667,0.133333333333333,0.0666666666666667,0.933333333333333,0
"R383","X566",145,"Temperature",15.35,633.6,1,0,1,0,0.8,0.2,0.0666666666666667,0.933333333333333,0
"R384","X567",145,"Precipitation",15.35,633.6,1,0,1,0,0.8,0.2,0.0666666666666667,0.933333333333333,0
"R385","X568",145,"Humidity",15.35,633.6,1,0,1,0,0.8,0.2,0.0666666666666667,0.933333333333333,0
"R386","X569",146,"Temperature",16.7500000000001,1223.1,1,0,0.933333333333333,0.0666666666666667,0.933333333333333,0.0666666666666667,0.466666666666667,0.533333333333333,0
"R387","X570",146,"Precipitation",16.7500000000001,1223.1,1,0,0.933333333333333,0.0666666666666667,0.933333333333333,0.0666666666666667,0.466666666666667,0.533333333333333,0
"R388","X571",146,"Humidity",16.7500000000001,1223.1,1,0,0.933333333333333,0.0666666666666667,0.933333333333333,0.0666666666666667,0.466666666666667,0.533333333333333,0
"R389","X572",147,"Temperature",13.05,731.2,1,0,1,0,0.933333333333333,0.0666666666666667,0.333333333333333,0.666666666666667,0
"R390","X573",147,"Precipitation",13.05,731.2,1,0,1,0,0.933333333333333,0.0666666666666667,0.333333333333333,0.666666666666667,0
"R391","X574",147,"Humidity",13.05,731.2,1,0,1,0,0.933333333333333,0.0666666666666667,0.333333333333333,0.666666666666667,0
"R392","X579",150,"Humidity",27.95,1359.2,1,0,0.666666666666667,0.266666666666667,0.933333333333333,0.0666666666666667,0.666666666666667,0.333333333333333,0
"R393","X580",151,"Temperature",8.85000000000002,712.9,1,0,1,0,0.933333333333333,0.0666666666666667,0.333333333333333,0.666666666666667,0
"R394","X581",151,"Precipitation",8.85000000000002,712.9,1,0,1,0,0.933333333333333,0.0666666666666667,0.333333333333333,0.666666666666667,0
"R395","X582",151,"Humidity",8.85000000000002,712.9,1,0,1,0,0.933333333333333,0.0666666666666667,0.333333333333333,0.666666666666667,0
"R396","X583",152,"Precipitation",6.25000000000006,623.6,1,0,1,0,1,0,0,1,0
"R397","X584",152,"Precipitation",6.25000000000006,623.6,1,0,1,0,1,0,0,1,0
"R398","X585",153,"Temperature",25.65,2099.2,1,0,0.8,0.0666666666666667,0.666666666666667,0.333333333333333,0.2,0.666666666666667,0.133333333333333
"R399","X586",154,"Temperature",19.65,84.8,1,0,1,0,0.6,0.4,0,1,0
"R400","X587",154,"Temperature",19.65,84.8,1,0,1,0,0.6,0.4,0,1,0
"R401","X588",154,"Precipitation",19.65,84.8,1,0,1,0,0.6,0.4,0,1,0
"R402","X589",154,"Humidity",19.65,84.8,1,0,1,0,0.6,0.4,0,1,0
"R403","X590",155,"Precipitation",4.95000000000005,1642.1,1,0,0.933333333333333,0.0666666666666667,0.8,0.2,0.333333333333333,0.666666666666667,0
"R404","X591",155,"Precipitation",11.05,1787.4,1,0,0.933333333333333,0.0666666666666667,0.933333333333333,0.0666666666666667,0.333333333333333,0.666666666666667,0
"R405","X592",155,"Precipitation",13.85,1921.1,1,0,0.933333333333333,0,0.866666666666667,0.133333333333333,0.133333333333333,0.866666666666667,0
"R406","X593",155,"Precipitation",10.2500000000001,1217.1,1,0,0.933333333333333,0.0666666666666667,1,0,0.133333333333333,0.866666666666667,0
"R407","X594",156,"Precipitation",22.85,890.8,1,0,1,0,0.133333333333333,0.866666666666667,0,0.933333333333333,0.0666666666666667
"R408","X597",158,"Temperature",24.95,1722,1,0,0.866666666666667,0.0666666666666667,0.733333333333333,0.266666666666667,0.133333333333333,0.866666666666667,0
"R409","X598",158,"Precipitation",24.95,1722,1,0,0.866666666666667,0.0666666666666667,0.733333333333333,0.266666666666667,0.133333333333333,0.866666666666667,0
"R410","X599",159,"Temperature",1.05000000000001,801.9,1,0,1,0,1,0,0,1,0
"R411","X600",160,"Temperature",8.85000000000002,4922.4,1,0,0.933333333333333,0.0666666666666667,0.8,0.2,0.6,0.266666666666667,0.133333333333333
"R412","X601",160,"Precipitation",8.85000000000002,4922.4,1,0,0.933333333333333,0.0666666666666667,0.8,0.2,0.6,0.266666666666667,0.133333333333333
"R413","X602",161,"Temperature",13.35,1289.1,1,0,0.8,0.133333333333333,0.733333333333333,0.266666666666667,0,1,0
"R414","X603",161,"Precipitation",13.35,1289.1,1,0,0.8,0.133333333333333,0.733333333333333,0.266666666666667,0,1,0
"R415","X612",163,"Precipitation",6.65000000000003,517.8,1,0,1,0,0.8,0.2,0,1,0
"R416","X613",164,"Temperature",10.45,236.1,1,0,1,0,0.466666666666667,0.533333333333333,0,1,0
"R417","X614",164,"Temperature",8.85000000000002,379.9,1,0,1,0,0.6,0.4,0,1,0
"R418","X615",164,"Temperature",9.85000000000002,618.8,1,0,1,0,0.266666666666667,0.733333333333333,0,1,0
"R419","X618",166,"Temperature",12.15,1383.8,1,0,1,0,0.933333333333333,0.0666666666666667,0.733333333333333,0.266666666666667,0
"R420","X619",166,"Precipitation",12.15,1383.8,1,0,1,0,0.933333333333333,0.0666666666666667,0.733333333333333,0.266666666666667,0
"R421","X620",166,"Humidity",12.15,1383.8,1,0,1,0,0.933333333333333,0.0666666666666667,0.733333333333333,0.266666666666667,0
"R422","X621",166,"Temperature",12.15,1383.8,1,0,1,0,0.933333333333333,0.0666666666666667,0.733333333333333,0.266666666666667,0
"R423","X622",166,"Precipitation",12.15,1383.8,1,0,1,0,0.933333333333333,0.0666666666666667,0.733333333333333,0.266666666666667,0
"R424","X623",166,"Humidity",12.15,1383.8,1,0,1,0,0.933333333333333,0.0666666666666667,0.733333333333333,0.266666666666667,0
"R425","X631",169,"Temperature",26.65,1622.6,1,0,0.866666666666667,0.133333333333333,0.666666666666667,0.333333333333333,0.333333333333333,0.666666666666667,0
"R426","X632",169,"Precipitation",26.65,1622.6,1,0,0.866666666666667,0.133333333333333,0.666666666666667,0.333333333333333,0.333333333333333,0.666666666666667,0
"R427","X633",169,"Humidity",26.65,1622.6,1,0,0.866666666666667,0.133333333333333,0.666666666666667,0.333333333333333,0.333333333333333,0.666666666666667,0
"R428","X634",169,"Temperature",26.65,1622.6,1,0,0.866666666666667,0.133333333333333,0.666666666666667,0.333333333333333,0.333333333333333,0.666666666666667,0
"R429","X635",169,"Precipitation",26.65,1622.6,1,0,0.866666666666667,0.133333333333333,0.666666666666667,0.333333333333333,0.333333333333333,0.666666666666667,0
"R430","X636",169,"Humidity",26.65,1622.6,1,0,0.866666666666667,0.133333333333333,0.666666666666667,0.333333333333333,0.333333333333333,0.666666666666667,0
"R431","X643",170,"Temperature",13.95,2893.2,1,0,1,0,0.933333333333333,0.0666666666666667,0.733333333333333,0.266666666666667,0
"R432","X644",170,"Precipitation",13.95,2893.2,1,0,1,0,0.933333333333333,0.0666666666666667,0.733333333333333,0.266666666666667,0
"R433","X645",171,"Temperature",13.7500000000001,827.9,1,0,1,0,0.933333333333333,0.0666666666666667,0.466666666666667,0.533333333333333,0
"R434","X646",171,"Humidity",13.7500000000001,827.9,1,0,1,0,0.933333333333333,0.0666666666666667,0.466666666666667,0.533333333333333,0
"R435","X647",172,"Temperature",27.2500000000001,1333.4,1,0,0.8,0.2,0.866666666666667,0.133333333333333,0.6,0.4,0
"R436","X648",172,"Precipitation",27.2500000000001,1333.4,1,0,0.8,0.2,0.866666666666667,0.133333333333333,0.6,0.4,0
"R437","X649",172,"Humidity",27.2500000000001,1333.4,1,0,0.8,0.2,0.866666666666667,0.133333333333333,0.6,0.4,0
"R438","X650",172,"Temperature",25.95,3262.4,1,0,0.8,0.133333333333333,0.733333333333333,0.266666666666667,0.533333333333333,0.266666666666667,0.2
"R439","X651",172,"Precipitation",25.95,3262.4,1,0,0.8,0.133333333333333,0.733333333333333,0.266666666666667,0.533333333333333,0.266666666666667,0.2
"R440","X652",172,"Humidity",25.95,3262.4,1,0,0.8,0.133333333333333,0.733333333333333,0.266666666666667,0.533333333333333,0.266666666666667,0.2
"R441","X653",172,"Temperature",24.05,1517.3,1,0,0.8,0.133333333333333,0.866666666666667,0.133333333333333,0.466666666666667,0.533333333333333,0
"R442","X654",172,"Precipitation",24.05,1517.3,1,0,0.8,0.133333333333333,0.866666666666667,0.133333333333333,0.466666666666667,0.533333333333333,0
"R443","X655",172,"Humidity",24.05,1517.3,1,0,0.8,0.133333333333333,0.866666666666667,0.133333333333333,0.466666666666667,0.533333333333333,0
"R444","X656",173,"Temperature",14.15,1581.9,1,0,0.8,0.2,0.0666666666666667,0.933333333333333,0,0.2,0.8
"R445","X675",181,"Temperature",26.15,2187.3,1,0,0.866666666666667,0.0666666666666667,0.0666666666666667,0.933333333333333,0,0.266666666666667,0.733333333333333
"R446","X676",181,"Precipitation",26.15,2187.3,1,0,0.866666666666667,0.0666666666666667,0.0666666666666667,0.933333333333333,0,0.266666666666667,0.733333333333333
"R447","X677",181,"Humidity",26.15,2187.3,1,0,0.866666666666667,0.0666666666666667,0.0666666666666667,0.933333333333333,0,0.266666666666667,0.733333333333333
"R448","X681",183,"Temperature",-1.24999999999994,883.2,1,0,1,0,1,0,0.266666666666667,0.666666666666667,0
"R449","X683",185,"Temperature",6.15000000000003,177.6,1,0,1,0,0.6,0.4,0,1,0
"R450","X685",185,"Precipitation",6.15000000000003,177.6,1,0,1,0,0.6,0.4,0,1,0
"R451","X686",185,"Humidity",6.15000000000003,177.6,1,0,1,0,0.6,0.4,0,1,0
"R452","X697",188,"Temperature",20.55,1508,1,0,1,0,0.533333333333333,0.466666666666667,0.0666666666666667,0.733333333333333,0.2
"R453","X698",188,"Precipitation",20.55,1508,1,0,1,0,0.533333333333333,0.466666666666667,0.0666666666666667,0.733333333333333,0.2
"R454","X699",188,"Temperature",23.45,1234.5,1,0,1,0,0.133333333333333,0.866666666666667,0,0.933333333333333,0.0666666666666667
"R455","X700",188,"Precipitation",23.45,1234.5,1,0,1,0,0.133333333333333,0.866666666666667,0,0.933333333333333,0.0666666666666667
"R456","X702",189,"Precipitation",13.05,731.2,1,0,1,0,0.933333333333333,0.0666666666666667,0.333333333333333,0.666666666666667,0
"R457","X706",191,"Temperature",27.7500000000001,1275.3,1,0,0.866666666666667,0.133333333333333,0.666666666666667,0.333333333333333,0.2,0.733333333333333,0.0666666666666667
"R458","X707",191,"Precipitation",27.7500000000001,1275.3,1,0,0.866666666666667,0.133333333333333,0.666666666666667,0.333333333333333,0.2,0.733333333333333,0.0666666666666667
"R459","X709",192,"Precipitation",20.95,869.8,1,0,0.933333333333333,0.0666666666666667,0.733333333333333,0.266666666666667,0.4,0.6,0
"R460","X728",201,"Precipitation",18.35,1678.2,1,0,0.866666666666667,0.0666666666666667,0.2,0.8,0,0.8,0.2
"R461","X731",203,"Temperature",13.65,494.2,1,0,1,0,1,0,0.266666666666667,0.733333333333333,0
"R462","X732",203,"Precipitation",13.65,494.2,1,0,1,0,1,0,0.266666666666667,0.733333333333333,0
"R463","X736",205,"Temperature",13.2500000000001,641,1,0,1,0,0.4,0.6,0.133333333333333,0.866666666666667,0
"R464","X748",210,"Temperature",12.15,332,1,0,1,0,0.466666666666667,0.533333333333333,0,1,0
"R465","X749",210,"Precipitation",12.15,332,1,0,1,0,0.466666666666667,0.533333333333333,0,1,0
"R466","X750",211,"Temperature",25.65,2081.7,1,0,0.866666666666667,0.133333333333333,0.8,0.2,0.733333333333333,0.2,0.0666666666666667
"R467","X753",212,"Temperature",2.95000000000005,1507.4,1,0,0.933333333333333,0,0.8,0.2,0.266666666666667,0.666666666666667,0.0666666666666667
"R468","X754",212,"Temperature",2.95000000000005,1507.4,1,0,0.933333333333333,0,0.8,0.2,0.266666666666667,0.666666666666667,0.0666666666666667
"R469","X755",213,"Precipitation",12.15,332,1,0,1,0,0.466666666666667,0.533333333333333,0,1,0
"R470","X756",214,"Temperature",1.05000000000001,758.2,1,0,1,0,1,0,0.133333333333333,0.866666666666667,0
"R471","X757",214,"Temperature",1.05000000000001,758.2,1,0,1,0,1,0,0.133333333333333,0.866666666666667,0
"R472","X758",214,"Precipitation",1.05000000000001,758.2,1,0,1,0,1,0,0.133333333333333,0.866666666666667,0
"R473","X759",214,"Temperature",1.05000000000001,758.2,1,0,1,0,1,0,0.133333333333333,0.866666666666667,0
"R474","X760",214,"Temperature",1.05000000000001,758.2,1,0,1,0,1,0,0.133333333333333,0.866666666666667,0
"R475","X761",214,"Precipitation",1.05000000000001,758.2,1,0,1,0,1,0,0.133333333333333,0.866666666666667,0
"R476","X762",214,"Precipitation",1.05000000000001,758.2,1,0,1,0,1,0,0.133333333333333,0.866666666666667,0
"R477","X763",214,"Temperature",1.05000000000001,758.2,1,0,1,0,1,0,0.133333333333333,0.866666666666667,0
"R478","X764",214,"Precipitation",1.05000000000001,758.2,1,0,1,0,1,0,0.133333333333333,0.866666666666667,0
"R479","X765",214,"Precipitation",1.05000000000001,758.2,1,0,1,0,1,0,0.133333333333333,0.866666666666667,0
"R480","X766",214,"Temperature",1.05000000000001,758.2,1,0,1,0,1,0,0.133333333333333,0.866666666666667,0
"R481","X767",214,"Precipitation",1.05000000000001,758.2,1,0,1,0,1,0,0.133333333333333,0.866666666666667,0
"R482","X768",214,"Temperature",1.05000000000001,758.2,1,0,1,0,1,0,0.133333333333333,0.866666666666667,0
"R483","X769",214,"Temperature",1.05000000000001,758.2,1,0,1,0,1,0,0.133333333333333,0.866666666666667,0
"R484","X770",214,"Precipitation",1.05000000000001,758.2,1,0,1,0,1,0,0.133333333333333,0.866666666666667,0
"R485","X771",214,"Precipitation",1.05000000000001,758.2,1,0,1,0,1,0,0.133333333333333,0.866666666666667,0
"R486","X772",214,"Temperature",1.05000000000001,758.2,1,0,1,0,1,0,0.133333333333333,0.866666666666667,0
"R487","X773",214,"Precipitation",1.05000000000001,758.2,1,0,1,0,1,0,0.133333333333333,0.866666666666667,0
"R488","X774",215,"Temperature",8.15000000000003,1829.6,1,0,1,0,0.266666666666667,0.733333333333333,0,0.933333333333333,0.0666666666666667
"R489","X776",217,"Temperature",11.15,887.1,1,0,1,0,0.333333333333333,0.666666666666667,0,1,0
"R490","X777",217,"Temperature",11.15,887.1,1,0,1,0,0.333333333333333,0.666666666666667,0,1,0
"R491","X778",217,"Temperature",11.15,887.1,1,0,1,0,0.333333333333333,0.666666666666667,0,1,0
"R492","X779",218,"Temperature",16.2500000000001,1682.5,1,0,0.933333333333333,0,0.8,0.2,0.466666666666667,0.466666666666667,0.0666666666666667
"R493","X788",221,"Temperature",11.15,947.8,1,0,1,0,0.733333333333333,0.266666666666667,0,1,0
"R494","X789",221,"Temperature",11.15,947.8,1,0,1,0,0.733333333333333,0.266666666666667,0,1,0
"R495","X790",222,"Temperature",6.55000000000001,586.7,1,0,1,0,0.933333333333333,0.0666666666666667,0,1,0
"R496","X791",222,"Temperature",6.55000000000001,586.7,1,0,1,0,0.933333333333333,0.0666666666666667,0,1,0
"R497","X792",222,"Temperature",6.55000000000001,586.7,1,0,1,0,0.933333333333333,0.0666666666666667,0,1,0
"R498","X793",222,"Temperature",6.55000000000001,586.7,1,0,1,0,0.933333333333333,0.0666666666666667,0,1,0
"R499","X794",222,"Temperature",6.55000000000001,586.7,1,0,1,0,0.933333333333333,0.0666666666666667,0,1,0
"R500","X799",225,"Temperature",20.2500000000001,92,1,0,0.933333333333333,0,0.8,0.133333333333333,0,1,0
"R501","X800",225,"Precipitation",20.2500000000001,92,1,0,0.933333333333333,0,0.8,0.133333333333333,0,1,0
"R502","X801",225,"Humidity",20.2500000000001,92,1,0,0.933333333333333,0,0.8,0.133333333333333,0,1,0
"R503","X802",225,"Temperature",20.2500000000001,92,1,0,0.933333333333333,0,0.8,0.133333333333333,0,1,0
"R504","X803",225,"Precipitation",20.2500000000001,92,1,0,0.933333333333333,0,0.8,0.133333333333333,0,1,0
"R505","X804",225,"Humidity",20.2500000000001,92,1,0,0.933333333333333,0,0.8,0.133333333333333,0,1,0
"R506","X805",225,"Temperature",20.2500000000001,92,1,0,0.933333333333333,0,0.8,0.133333333333333,0,1,0
"R507","X806",225,"Precipitation",20.2500000000001,92,1,0,0.933333333333333,0,0.8,0.133333333333333,0,1,0
"R508","X807",225,"Humidity",20.2500000000001,92,1,0,0.933333333333333,0,0.8,0.133333333333333,0,1,0
"R509","X808",225,"Temperature",20.2500000000001,92,1,0,0.933333333333333,0,0.8,0.133333333333333,0,1,0
"R510","X809",225,"Precipitation",20.2500000000001,92,1,0,0.933333333333333,0,0.8,0.133333333333333,0,1,0
"R511","X810",225,"Humidity",20.2500000000001,92,1,0,0.933333333333333,0,0.8,0.133333333333333,0,1,0
"R512","X814",227,"Temperature",20.05,1047.1,1,0,0.933333333333333,0.0666666666666667,0.666666666666667,0.333333333333333,0,0.866666666666667,0.133333333333333
"R513","X815",227,"Humidity",20.05,1047.1,1,0,0.933333333333333,0.0666666666666667,0.666666666666667,0.333333333333333,0,0.866666666666667,0.133333333333333
"R514","X816",228,"Temperature",14.2500000000001,655.7,1,0,0.933333333333333,0.0666666666666667,0.933333333333333,0.0666666666666667,0.4,0.6,0
"R515","X817",228,"Precipitation",14.2500000000001,655.7,1,0,0.933333333333333,0.0666666666666667,0.933333333333333,0.0666666666666667,0.4,0.6,0
"R516","X818",228,"Humidity",14.2500000000001,655.7,1,0,0.933333333333333,0.0666666666666667,0.933333333333333,0.0666666666666667,0.4,0.6,0
"R517","X819",229,"Precipitation",18.65,708.3,1,0,0.933333333333333,0.0666666666666667,0.533333333333333,0.466666666666667,0.2,0.8,0
"R518","X820",229,"Precipitation",18.65,708.3,1,0,0.933333333333333,0.0666666666666667,0.533333333333333,0.466666666666667,0.2,0.8,0
"R519","X821",229,"Precipitation",18.65,708.3,1,0,0.933333333333333,0.0666666666666667,0.533333333333333,0.466666666666667,0.2,0.8,0
"R520","X822",230,"Precipitation",16.7500000000001,898.8,1,0,0.8,0.133333333333333,0.733333333333333,0.266666666666667,0,1,0
"R521","X823",230,"Temperature",16.7500000000001,898.8,1,0,0.8,0.133333333333333,0.733333333333333,0.266666666666667,0,1,0
"R522","X824",231,"Precipitation",14.95,418.4,1,0,1,0,0.266666666666667,0.733333333333333,0,1,0
"R525","X827",233,"Temperature",8.75000000000006,320.5,1,0,0.8,0.2,0.133333333333333,0.866666666666667,0,1,0
"R526","X828",233,"Precipitation",8.75000000000006,320.5,1,0,0.8,0.2,0.133333333333333,0.866666666666667,0,1,0
"R527","X829",234,"Temperature",17.35,153.4,1,0,1,0,0.8,0.2,0,1,0
"R528","X830",234,"Precipitation",17.35,153.4,1,0,1,0,0.8,0.2,0,1,0
"R529","X833",236,"Temperature",6.15000000000003,629.4,1,0,1,0,1,0,0.266666666666667,0.733333333333333,0
"R530","X836",237,"Temperature",27.15,2075.1,1,0,0.933333333333333,0,0.733333333333333,0.266666666666667,0.4,0.533333333333333,0.0666666666666667
"R531","X837",238,"Precipitation",21.45,3481.7,1,0,0.733333333333333,0.2,0.266666666666667,0.733333333333333,0,0.6,0.4
"R532","X838",239,"Temperature",12.45,827.6,1,0,1,0,0.266666666666667,0.733333333333333,0,0.933333333333333,0.0666666666666667
"R533","X839",239,"Precipitation",12.45,827.6,1,0,1,0,0.266666666666667,0.733333333333333,0,0.933333333333333,0.0666666666666667
"R534","X842",241,"Temperature",10.95,583.5,1,0,1,0,0.466666666666667,0.533333333333333,0,1,0
"R535","X843",241,"Precipitation",10.95,583.5,1,0,1,0,0.466666666666667,0.533333333333333,0,1,0
"R536","X117",31,"Temperature",8.75000000000006,329.4,1,0,1,0,0.533333333333333,0.466666666666667,0,1,0
"R537","X118",31,"Precipitation",8.75000000000006,329.4,1,0,1,0,0.533333333333333,0.466666666666667,0,1,0
"R538","X119",31,"Humidity",8.75000000000006,329.4,1,0,1,0,0.533333333333333,0.466666666666667,0,1,0
"R539","X198",53,"Temperature",9.65000000000003,379.5,1,0,1,0,0.866666666666667,0.133333333333333,0,1,0
"R540","X664",176,"Temperature",20.2500000000001,92,1,0,0.933333333333333,0,0.8,0.133333333333333,0,1,0
"R541","X665",176,"Precipitation",20.2500000000001,92,1,0,0.933333333333333,0,0.8,0.133333333333333,0,1,0
"R542","X666",176,"Humidity",20.2500000000001,92,1,0,0.933333333333333,0,0.8,0.133333333333333,0,1,0
"R543","X667",177,"Precipitation",13.35,899.1,1,0,0.933333333333333,0.0666666666666667,0.533333333333333,0.466666666666667,0,0.933333333333333,0.0666666666666667
"R544","X668",177,"Precipitation",13.35,899.1,1,0,0.933333333333333,0.0666666666666667,0.533333333333333,0.466666666666667,0,0.933333333333333,0.0666666666666667
"R545","X669",178,"Temperature",8.75000000000006,329.4,1,0,1,0,0.533333333333333,0.466666666666667,0,1,0
"R546","X670",178,"Precipitation",8.75000000000006,329.4,1,0,1,0,0.533333333333333,0.466666666666667,0,1,0
"R547","X672",180,"Temperature",10.35,609.8,1,0,1,0,1,0,0.466666666666667,0.533333333333333,0
"R548","X673",180,"Precipitation",10.35,609.8,1,0,1,0,1,0,0.466666666666667,0.533333333333333,0
"R549","X674",180,"Humidity",10.35,609.8,1,0,1,0,1,0,0.466666666666667,0.533333333333333,0
"R550","X678",182,"Temperature",13.35,603.1,1,0,1,0,0.933333333333333,0.0666666666666667,0.2,0.8,0
"R551","X679",182,"Precipitation",13.35,603.1,1,0,1,0,0.933333333333333,0.0666666666666667,0.2,0.8,0
"R552","X680",182,"Humidity",13.35,603.1,1,0,1,0,0.933333333333333,0.0666666666666667,0.2,0.8,0
"R553","X684",185,"Temperature",6.15000000000003,177.6,1,0,1,0,0.6,0.4,0,1,0
"R554","X687",186,"Temperature",8.25000000000006,271.7,1,0,1,0,0.866666666666667,0.133333333333333,0,1,0
"R555","X688",186,"Precipitation",8.25000000000006,271.7,1,0,1,0,0.866666666666667,0.133333333333333,0,1,0
"R556","X689",186,"Humidity",8.25000000000006,271.7,1,0,1,0,0.866666666666667,0.133333333333333,0,1,0
"R557","X690",186,"Temperature",16.2500000000001,1486,1,0,1,0,0.8,0.2,0.466666666666667,0.533333333333333,0
"R558","X691",186,"Precipitation",16.2500000000001,1486,1,0,1,0,0.8,0.2,0.466666666666667,0.533333333333333,0
"R559","X692",186,"Humidity",16.2500000000001,1486,1,0,1,0,0.8,0.2,0.466666666666667,0.533333333333333,0
"R560","X693",186,"Temperature",22.15,1936.2,1,0,1,0,0.866666666666667,0.133333333333333,0.733333333333333,0.266666666666667,0
"R561","X694",186,"Precipitation",22.15,1936.2,1,0,1,0,0.866666666666667,0.133333333333333,0.733333333333333,0.266666666666667,0
"R562","X695",186,"Humidity",22.15,1936.2,1,0,1,0,0.866666666666667,0.133333333333333,0.733333333333333,0.266666666666667,0
"R563","X696",187,"Temperature",-0.349999999999966,475.9,1,0,1,0,0.8,0.2,0,1,0
"R564","X701",189,"Temperature",13.05,731.2,1,0,1,0,0.933333333333333,0.0666666666666667,0.333333333333333,0.666666666666667,0
"R565","X703",189,"Humidity",13.05,731.2,1,0,1,0,0.933333333333333,0.0666666666666667,0.333333333333333,0.666666666666667,0
"R566","X704",190,"Temperature",18.35,1281.5,1,0,1,0,0.933333333333333,0.0666666666666667,0.266666666666667,0.733333333333333,0
"R567","X705",190,"Precipitation",18.35,1281.5,1,0,1,0,0.933333333333333,0.0666666666666667,0.266666666666667,0.733333333333333,0
"R568","X708",191,"Humidity",27.7500000000001,1275.3,1,0,0.866666666666667,0.133333333333333,0.666666666666667,0.333333333333333,0.2,0.733333333333333,0.0666666666666667
"R569","X720",197,"Precipitation",20.05,1443.3,1,0,1,0,0.533333333333333,0.466666666666667,0,0.8,0.2
"R570","X721",198,"Precipitation",3.15000000000003,926.7,1,0,1,0,0.6,0.4,0.2,0.8,0
"R571","X722",198,"Humidity",3.15000000000003,926.7,1,0,1,0,0.6,0.4,0.2,0.8,0
"R572","X723",199,"Temperature",5.35000000000002,403.9,1,0,1,0,0.933333333333333,0.0666666666666667,0.0666666666666667,0.933333333333333,0
"R573","X724",199,"Precipitation",5.35000000000002,403.9,1,0,1,0,0.933333333333333,0.0666666666666667,0.0666666666666667,0.933333333333333,0
"R574","X725",199,"Humidity",5.35000000000002,403.9,1,0,1,0,0.933333333333333,0.0666666666666667,0.0666666666666667,0.933333333333333,0
"R575","X733",204,"Temperature",15.45,1115.2,1,0,1,0,1,0,0.533333333333333,0.466666666666667,0
"R576","X734",204,"Precipitation",15.45,1115.2,1,0,1,0,1,0,0.533333333333333,0.466666666666667,0
"R577","X735",204,"Humidity",15.45,1115.2,1,0,1,0,1,0,0.533333333333333,0.466666666666667,0
"R578","X737",206,"Temperature",18.65,990.9,1,0,1,0,0.8,0.2,0,1,0
"R579","X738",206,"Humidity",18.65,990.9,1,0,1,0,0.8,0.2,0,1,0
"R580","X743",208,"Temperature",10.2500000000001,2051.7,1,0,1,0,0.866666666666667,0.133333333333333,0.333333333333333,0.666666666666667,0
"R581","X744",208,"Precipitation",10.2500000000001,2051.7,1,0,1,0,0.866666666666667,0.133333333333333,0.333333333333333,0.666666666666667,0
"R582","X745",209,"Temperature",22.95,2066.1,1,0,1,0,0.933333333333333,0.0666666666666667,0.733333333333333,0.266666666666667,0
"R583","X746",209,"Precipitation",22.95,2066.1,1,0,1,0,0.933333333333333,0.0666666666666667,0.733333333333333,0.266666666666667,0
"R584","X747",209,"Humidity",22.95,2066.1,1,0,1,0,0.933333333333333,0.0666666666666667,0.733333333333333,0.266666666666667,0
"R585","X751",211,"Precipitation",25.65,2081.7,1,0,0.866666666666667,0.133333333333333,0.8,0.2,0.733333333333333,0.2,0.0666666666666667
"R586","X752",211,"Precipitation",25.65,2081.7,1,0,0.866666666666667,0.133333333333333,0.8,0.2,0.733333333333333,0.2,0.0666666666666667
"R587","X780",219,"Temperature",25.65,2099.2,1,0,0.8,0.0666666666666667,0.666666666666667,0.333333333333333,0.2,0.666666666666667,0.133333333333333
"R588","X781",219,"Temperature",25.65,2099.2,1,0,0.8,0.0666666666666667,0.666666666666667,0.333333333333333,0.2,0.666666666666667,0.133333333333333
"R589","X782",219,"Precipitation",25.65,2099.2,1,0,0.8,0.0666666666666667,0.666666666666667,0.333333333333333,0.2,0.666666666666667,0.133333333333333
"R590","X783",219,"Precipitation",25.65,2099.2,1,0,0.8,0.0666666666666667,0.666666666666667,0.333333333333333,0.2,0.666666666666667,0.133333333333333
"R591","X797",224,"Temperature",24.15,1171.2,1,0,0.933333333333333,0.0666666666666667,0.666666666666667,0.333333333333333,0.0666666666666667,0.933333333333333,0
"R592","X798",224,"Precipitation",24.15,1171.2,1,0,0.933333333333333,0.0666666666666667,0.666666666666667,0.333333333333333,0.0666666666666667,0.933333333333333,0
